<module>
  <inherits name="com.google.common.annotations.Annotations" />
  <inherits name="com.google.common.base.Base" />
  <inherits name="com.google.common.cache.Cache" />
  <inherits name="com.google.common.collect.Collect" />
  <inherits name="com.google.common.escape.Escape" />
  <inherits name="com.google.common.html.Html" />
  <inherits name="com.google.common.io.Io" />
  <inherits name="com.google.common.math.Math" />
  <inherits name="com.google.common.net.Net" />
  <inherits name="com.google.common.primitives.Primitives" />
  <inherits name="com.google.common.util.concurrent.Concurrent" />
  <inherits name="com.google.common.xml.Xml" />
  <inherits name="com.google.gwt.user.User" />

  <!-- com.google.common.testing.Testing is located in
       GuavaTests under guava-gwt/test -->

  <source path="" />
  <entry-point class="com.google.common.ForceGuavaCompilationEntryPoint" />
</module>
