<?xml version="1.0" encoding="utf-8"?>
<!-- semi-autogenerated module descriptor -->
<module>
   
  <source path="">
     
    <!-- Hack to keep collect from hiding collect.testing supersource: -->
     
    <exclude name="**/testing/**"/>
     
  </source>
   
  <super-source path="super"/>
    
  <inherits name="java.util.Util"/>
   
  <inherits name="com.google.common.annotations.Annotations"/>
   
  <inherits name="com.google.common.base.Base"/>
   
  <inherits name="com.google.common.math.Math"/>
   
  <inherits name="com.google.common.primitives.Primitives"/>
        
</module>
