<?xml version="1.0" encoding="ISO-8859-1" ?> <!DOCTYPE scenario SYSTEM "sipp.dtd">


<scenario name="Basic UAS responder">

	<recv request="INVITE" rrs="true" />

	<send>  
 <![CDATA[

     SIP/2.0 180 Ringing
     [last_Via:]
     [last_From:]
     [last_To:];tag=[call_number]
     [last_Call-ID:]
     [last_CSeq:]
     [last_Record-Route:]
     [routes]
     Contact: <sip:[local_ip]:[local_port];transport=[transport]>
     Content-Length: 0

   ]]>
	</send>
	
	<pause milliseconds="250"/>
	
	<send retrans="2000">
   <![CDATA[

     SIP/2.0 200 OK
     [last_Via:]
     [last_From:]
     [last_To:];tag=[call_number]
     [last_Call-ID:]
     [last_CSeq:]
     [last_Record-Route:]
     [routes]
     Contact: <sip:[local_ip]:[local_port];transport=[transport]>
     Content-Type: application/sdp
     Content-Length: [len]

     v=0
     o=user1 53655765 2353687637 IN IP[local_ip_type] [local_ip]
     s=-
     c=IN IP[media_ip_type] [media_ip]
     t=0 0
     m=audio [media_port] RTP/AVP 0
     a=rtpmap:0 PCMU/8000

   ]]>
	</send>

	<!--recv request="INVITE" optional="true" /-->

	<recv request="ACK" />

	<recv request="BYE" timeout="80000" />

	<send>
   <![CDATA[

     SIP/2.0 200 OK
     [last_Via:]
     [last_From:]
     [last_To:];tag=[call_number]
     [last_Call-ID:]
     [last_CSeq:]
     [last_Record-Route:]
     [routes]
     Content-Length: 0

   ]]>
	</send>
	
	<pause milliseconds="30000"/>
	
</scenario>
